{
  "balance": 119.69080933170714,
  "position": null,
  "dailyLoss": -19.690809331707165,
  "lastStopLossTime": 1770215767500,
  "recentResults": [
    "WIN",
    "WIN",
    "WIN",
    "LOSS",
    "WIN",
    "WIN",
    "WIN"
  ],
  "lastDailyReset": 1770214928049,
  "lastExitTime": 1770217335354,
  "consecutiveLosses": 0
}